neuron,formula,length,metric,concept_fraction
0,34,1,0.9111,0.0027
1,304,1,0.8887,0.0027
2,122,1,0.9127,0.0028
3,65,1,0.9026,0.0024
4,82,1,0.8566,0.0027
5,234,1,0.9156,0.0026
6,345,1,0.9261,0.0033
7,326,1,0.8985,0.0026
8,267,1,0.8302,0.0026
9,31,1,0.8352,0.0031
10,159,1,0.8780,0.0029
11,328,1,0.8964,0.0031
12,327,1,0.8463,0.0028
13,95,1,0.8588,0.0026
14,190,1,0.8853,0.0023
15,321,1,0.8027,0.0026
16,151,1,0.8253,0.0032
17,180,1,0.8191,0.0027
18,47,1,0.8909,0.0025
19,326,1,0.9301,0.0026
20,48,1,0.8250,0.0022
21,276,1,0.8256,0.0027
22,26,1,0.8775,0.0031
23,233,1,0.8982,0.0035
24,122,1,0.9224,0.0028
25,191,1,0.8404,0.0025
26,111,1,0.9371,0.0025
27,82,1,0.9197,0.0027
28,240,1,0.8956,0.0028
29,90,1,0.8686,0.0024
30,35,1,0.8069,0.0027
31,250,1,0.8369,0.0019
32,285,1,0.8970,0.0026
33,34,1,0.8656,0.0027
34,47,1,0.8672,0.0025
35,274,1,0.8480,0.0031
36,357,1,0.8865,0.0027
37,153,1,0.9034,0.0024
38,36,1,0.8132,0.0030
39,211,1,0.8245,0.0027
40,153,1,0.8654,0.0024
41,357,1,0.8473,0.0027
42,247,1,0.8847,0.0031
43,169,1,0.8530,0.0031
44,112,1,0.9168,0.0026
45,137,1,0.8789,0.0021
46,72,1,0.8932,0.0031
47,116,1,0.8280,0.0030
48,157,1,0.8525,0.0031
49,253,1,0.7942,0.0026
50,36,1,0.9629,0.0030
51,173,1,0.9003,0.0028
52,289,1,0.7762,0.0025
53,191,1,0.8573,0.0025
54,294,1,0.8859,0.0029
55,29,1,0.8296,0.0029
56,355,1,0.8539,0.0025
57,315,1,0.9192,0.0030
58,242,1,0.8595,0.0027
59,333,1,0.9552,0.0028
60,4,1,0.8386,0.0030
61,34,1,0.8681,0.0027
62,0,1,0.8651,0.0029
63,82,1,0.9502,0.0027
64,111,1,0.9319,0.0025
65,72,1,0.8443,0.0031
66,111,1,0.8723,0.0025
67,207,1,0.8440,0.0028
68,355,1,0.8521,0.0025
69,42,1,0.8934,0.0026
70,60,1,0.8820,0.0030
71,0,1,0.9225,0.0029
72,29,1,0.8140,0.0029
73,326,1,0.9022,0.0026
74,24,1,0.9191,0.0028
75,128,1,0.8799,0.0018
76,326,1,0.9010,0.0026
77,300,1,0.7903,0.0028
78,60,1,0.8295,0.0030
79,157,1,0.7851,0.0031
80,89,1,0.8477,0.0027
81,34,1,0.8269,0.0027
82,306,1,0.9175,0.0035
83,343,1,0.8722,0.0026
84,359,1,0.8681,0.0023
85,152,1,0.8704,0.0029
86,135,1,0.8193,0.0024
87,143,1,0.8360,0.0026
88,274,1,0.8830,0.0031
89,346,1,0.9006,0.0024
90,65,1,0.9429,0.0024
91,15,1,0.8879,0.0026
92,82,1,0.9351,0.0027
93,153,1,0.8314,0.0024
94,17,1,0.8846,0.0026
95,34,1,0.9111,0.0027
96,247,1,0.8522,0.0031
97,11,1,0.8665,0.0028
98,211,1,0.8732,0.0027
99,136,1,0.8727,0.0025
100,203,1,0.8861,0.0029
101,233,1,0.8571,0.0035
102,0,1,0.5000,0.0029
103,164,1,0.8298,0.0026
104,89,1,0.9313,0.0027
105,135,1,0.8565,0.0024
106,253,1,0.9087,0.0026
107,357,1,0.9097,0.0027
108,234,1,0.9152,0.0026
109,105,1,0.8907,0.0028
110,289,1,0.8455,0.0025
111,310,1,0.8901,0.0026
112,251,1,0.8208,0.0027
113,82,1,0.8939,0.0027
114,312,1,0.8718,0.0027
115,331,1,0.9140,0.0028
116,277,1,0.8971,0.0028
117,111,1,0.8071,0.0025
118,177,1,0.8841,0.0027
119,73,1,0.9051,0.0028
120,63,1,0.8694,0.0031
121,250,1,0.8600,0.0019
122,98,1,0.8724,0.0025
123,356,1,0.8150,0.0027
124,106,1,0.8242,0.0032
125,324,1,0.8651,0.0028
126,82,1,0.8191,0.0027
127,34,1,0.9234,0.0027
128,64,1,0.9095,0.0031
129,40,1,0.9121,0.0028
130,290,1,0.9045,0.0029
131,225,1,0.8509,0.0031
132,71,1,0.8757,0.0027
133,306,1,0.9032,0.0035
134,38,1,0.9035,0.0022
135,150,1,0.9184,0.0032
136,267,1,0.8666,0.0026
137,93,1,0.9214,0.0019
138,137,1,0.8222,0.0021
139,163,1,0.8812,0.0028
140,164,1,0.8946,0.0026
141,117,1,0.7810,0.0030
142,338,1,0.8645,0.0029
143,89,1,0.7884,0.0027
144,206,1,0.8182,0.0027
145,203,1,0.7844,0.0029
146,269,1,0.8999,0.0028
147,197,1,0.8592,0.0026
148,65,1,0.9327,0.0024
149,114,1,0.8151,0.0029
150,65,1,0.7282,0.0024
151,219,1,0.8517,0.0032
152,135,1,0.8677,0.0024
153,147,1,0.8905,0.0029
154,289,1,0.8948,0.0025
155,124,1,0.8168,0.0026
156,117,1,0.9061,0.0030
157,315,1,0.9374,0.0030
158,158,1,0.9116,0.0028
159,29,1,0.8884,0.0029
160,335,1,0.8825,0.0028
161,90,1,0.8506,0.0024
162,355,1,0.8483,0.0025
163,140,1,0.8169,0.0025
164,69,1,0.8104,0.0031
165,247,1,0.8909,0.0031
166,117,1,0.9291,0.0030
167,345,1,0.8309,0.0033
168,34,1,0.8288,0.0027
169,157,1,0.7887,0.0031
170,305,1,0.9238,0.0025
171,234,1,0.8787,0.0026
172,98,1,0.8523,0.0025
173,194,1,0.8867,0.0028
174,1,1,0.7643,0.0029
175,34,1,0.9276,0.0027
176,60,1,0.8930,0.0030
177,150,1,0.9053,0.0032
178,111,1,0.9463,0.0025
179,250,1,0.8623,0.0019
180,82,1,0.8926,0.0027
181,81,1,0.8000,0.0030
182,128,1,0.8704,0.0018
183,256,1,0.8522,0.0027
184,357,1,0.9525,0.0027
185,190,1,0.7825,0.0023
186,320,1,0.7941,0.0035
187,159,1,0.9032,0.0029
188,111,1,0.9059,0.0025
189,152,1,0.8891,0.0029
190,355,1,0.9619,0.0025
191,82,1,0.9770,0.0027
192,164,1,0.8615,0.0026
193,64,1,0.8915,0.0031
194,45,1,0.8291,0.0029
195,173,1,0.8409,0.0028
196,267,1,0.8691,0.0026
197,15,1,0.9489,0.0026
198,202,1,0.8615,0.0030
199,143,1,0.8435,0.0026
200,222,1,0.8877,0.0025
201,82,1,0.7912,0.0027
202,6,1,0.9118,0.0028
203,290,1,0.9284,0.0029
204,168,1,0.8240,0.0030
205,37,1,0.8231,0.0022
206,242,1,0.8565,0.0027
207,125,1,0.9176,0.0023
208,346,1,0.9059,0.0024
209,360,1,0.8466,0.0027
210,111,1,0.9326,0.0025
211,46,1,0.8706,0.0024
212,15,1,0.8956,0.0026
213,57,1,0.5071,0.0028
214,0,1,0.8199,0.0029
215,108,1,0.8063,0.0028
216,323,1,0.7993,0.0026
217,5,1,0.9299,0.0024
218,71,1,0.8464,0.0027
219,274,1,0.8362,0.0031
220,360,1,0.9486,0.0027
221,164,1,0.8127,0.0026
222,253,1,0.8798,0.0026
223,251,1,0.9015,0.0027
224,294,1,0.9026,0.0029
225,47,1,0.7673,0.0025
226,125,1,0.8591,0.0023
227,153,1,0.8702,0.0024
228,221,1,0.7572,0.0027
229,135,1,0.8165,0.0024
230,161,1,0.8986,0.0033
231,268,1,0.8339,0.0027
232,36,1,0.8980,0.0030
233,0,1,0.5000,0.0029
234,147,1,0.8456,0.0029
235,343,1,0.8438,0.0026
236,106,1,0.8540,0.0032
237,36,1,0.9417,0.0030
238,47,1,0.8764,0.0025
239,74,1,0.8726,0.0028
240,361,1,0.8931,0.0023
241,354,1,0.8504,0.0028
242,327,1,0.8375,0.0028
243,295,1,0.8891,0.0020
244,82,1,0.8831,0.0027
245,135,1,0.9416,0.0024
246,250,1,0.8695,0.0019
247,363,1,0.8316,0.0029
248,241,1,0.8066,0.0031
249,122,1,0.9091,0.0028
250,122,1,0.8870,0.0028
251,169,1,0.8321,0.0031
252,1,1,0.8539,0.0029
253,206,1,0.9211,0.0027
254,111,1,0.8709,0.0025
255,326,1,0.8442,0.0026
256,73,1,0.8085,0.0028
257,211,1,0.8527,0.0027
258,227,1,0.8370,0.0027
259,166,1,0.8117,0.0026
260,357,1,0.7843,0.0027
261,135,1,0.9052,0.0024
262,168,1,0.8757,0.0030
263,63,1,0.7613,0.0031
264,360,1,0.9088,0.0027
265,13,1,0.7933,0.0028
266,357,1,0.7853,0.0027
267,82,1,0.9606,0.0027
268,98,1,0.7957,0.0025
269,147,1,0.8911,0.0029
270,18,1,0.8868,0.0031
271,209,1,0.8277,0.0029
272,34,1,0.8972,0.0027
273,82,1,0.8960,0.0027
274,82,1,0.8613,0.0027
275,83,1,0.8579,0.0029
276,34,1,0.9529,0.0027
277,83,1,0.9539,0.0029
278,255,1,0.8536,0.0025
279,357,1,0.8780,0.0027
280,251,1,0.9027,0.0027
281,289,1,0.9139,0.0025
282,325,1,0.9067,0.0029
283,184,1,0.8721,0.0027
284,1,1,0.8393,0.0029
285,340,1,0.8723,0.0029
286,348,1,0.8091,0.0026
287,274,1,0.8666,0.0031
288,152,1,0.8435,0.0029
289,153,1,0.8231,0.0024
290,63,1,0.7993,0.0031
291,150,1,0.9391,0.0032
292,29,1,0.8290,0.0029
293,321,1,0.8632,0.0026
294,277,1,0.8756,0.0028
295,303,1,0.8856,0.0030
296,342,1,0.8066,0.0025
297,360,1,0.9569,0.0027
298,150,1,0.8349,0.0032
299,186,1,0.7646,0.0028
300,291,1,0.9173,0.0027
301,333,1,0.9270,0.0028
302,82,1,0.9266,0.0027
303,210,1,0.8461,0.0026
304,301,1,0.8469,0.0027
305,248,1,0.8243,0.0028
306,309,1,0.9079,0.0026
307,137,1,0.9366,0.0021
308,104,1,0.5073,0.0027
309,0,1,0.5000,0.0029
310,215,1,0.8983,0.0028
311,159,1,0.8215,0.0029
312,246,1,0.8624,0.0029
313,64,1,0.8905,0.0031
314,285,1,0.7904,0.0026
315,291,1,0.8573,0.0027
316,42,1,0.8468,0.0026
317,274,1,0.8994,0.0031
318,295,1,0.8983,0.0020
319,188,1,0.7427,0.0025
320,0,1,0.5000,0.0029
321,0,1,0.5000,0.0029
322,122,1,0.8491,0.0028
323,98,1,0.8328,0.0025
324,312,1,0.9266,0.0027
325,301,1,0.8558,0.0027
326,72,1,0.8585,0.0031
327,197,1,0.8376,0.0026
328,144,1,0.8614,0.0028
329,106,1,0.8928,0.0032
330,13,1,0.8712,0.0028
331,295,1,0.9320,0.0020
332,331,1,0.8259,0.0028
333,36,1,0.9298,0.0030
334,250,1,0.8563,0.0019
335,277,1,0.9186,0.0028
336,122,1,0.8571,0.0028
337,0,1,0.8745,0.0029
338,73,1,0.8239,0.0028
339,311,1,0.8323,0.0033
340,111,1,0.9293,0.0025
341,41,1,0.8101,0.0026
342,242,1,0.8762,0.0027
343,111,1,0.8565,0.0025
344,248,1,0.8241,0.0028
345,200,1,0.9091,0.0022
346,5,1,0.8871,0.0024
347,267,1,0.7902,0.0026
348,15,1,0.9114,0.0026
349,63,1,0.8740,0.0031
350,72,1,0.8634,0.0031
351,24,1,0.9332,0.0028
352,357,1,0.9321,0.0027
353,267,1,0.8694,0.0026
354,326,1,0.8095,0.0026
355,251,1,0.9322,0.0027
356,267,1,0.8837,0.0026
357,247,1,0.8408,0.0031
358,100,1,0.8249,0.0018
359,291,1,0.8835,0.0027
360,191,1,0.8121,0.0025
361,335,1,0.9010,0.0028
362,26,1,0.8369,0.0031
363,13,1,0.9067,0.0028
364,301,1,0.8540,0.0027
365,234,1,0.9050,0.0026
366,340,1,0.8560,0.0029
367,357,1,0.8792,0.0027
368,78,1,0.7626,0.0027
369,165,1,0.8274,0.0027
370,294,1,0.7937,0.0029
371,116,1,0.8950,0.0030
372,197,1,0.8509,0.0026
373,51,1,0.8467,0.0024
374,315,1,0.9122,0.0030
375,199,1,0.9032,0.0029
376,122,1,0.9459,0.0028
377,15,1,0.9277,0.0026
378,37,1,0.8616,0.0022
379,328,1,0.8411,0.0031
380,325,1,0.8255,0.0029
381,82,1,0.8349,0.0027
382,197,1,0.8778,0.0026
383,15,1,0.8766,0.0026
384,69,1,0.8542,0.0031
385,10,1,0.8700,0.0035
386,310,1,0.8922,0.0026
387,105,1,0.8746,0.0028
388,161,1,0.8359,0.0033
389,328,1,0.8698,0.0031
390,147,1,0.8515,0.0029
391,0,1,0.5000,0.0029
392,126,1,0.8446,0.0014
393,34,1,0.9383,0.0027
394,8,1,0.8500,0.0028
395,95,1,0.8419,0.0026
396,197,1,0.8933,0.0026
397,315,1,0.9079,0.0030
398,250,1,0.9291,0.0019
399,0,1,0.9376,0.0029
400,140,1,0.8965,0.0025
401,326,1,0.9415,0.0026
402,292,1,0.8295,0.0027
403,263,1,0.9016,0.0027
404,326,1,0.9383,0.0026
405,71,1,0.8335,0.0027
406,359,1,0.8308,0.0023
407,335,1,0.9158,0.0028
408,129,1,0.8775,0.0024
409,275,1,0.9282,0.0031
410,34,1,0.9546,0.0027
411,355,1,0.8742,0.0025
412,71,1,0.8945,0.0027
413,310,1,0.8328,0.0026
414,166,1,0.9234,0.0026
415,76,1,0.8040,0.0028
416,65,1,0.9063,0.0024
417,122,1,0.8184,0.0028
418,52,1,0.8318,0.0027
419,149,1,0.8798,0.0028
420,337,1,0.8807,0.0024
421,327,1,0.9073,0.0028
422,147,1,0.8703,0.0029
423,277,1,0.8855,0.0028
424,112,1,0.8445,0.0026
425,18,1,0.8559,0.0031
426,34,1,0.9584,0.0027
427,153,1,0.9430,0.0024
428,98,1,0.8762,0.0025
429,136,1,0.8167,0.0025
430,235,1,0.9103,0.0027
431,143,1,0.8275,0.0026
432,137,1,0.8897,0.0021
433,106,1,0.8898,0.0032
434,117,1,0.8883,0.0030
435,15,1,0.8796,0.0026
436,331,1,0.8309,0.0028
437,190,1,0.8870,0.0023
438,71,1,0.8562,0.0027
439,206,1,0.8810,0.0027
440,306,1,0.8305,0.0035
441,199,1,0.7993,0.0029
442,267,1,0.8928,0.0026
443,167,1,0.9526,0.0028
444,106,1,0.8606,0.0032
445,19,1,0.8106,0.0026
446,38,1,0.8702,0.0022
447,122,1,0.8572,0.0028
448,13,1,0.8157,0.0028
449,65,1,0.8552,0.0024
450,309,1,0.8443,0.0026
451,71,1,0.8783,0.0027
452,272,1,0.8310,0.0024
453,325,1,0.8304,0.0029
454,82,1,0.9285,0.0027
455,60,1,0.7959,0.0030
456,173,1,0.8064,0.0028
457,321,1,0.8199,0.0026
458,147,1,0.8364,0.0029
459,267,1,0.8247,0.0026
460,91,1,0.7980,0.0027
461,360,1,0.8894,0.0027
462,229,1,0.8761,0.0031
463,36,1,0.8605,0.0030
464,169,1,0.8125,0.0031
465,357,1,0.8498,0.0027
466,295,1,0.8809,0.0020
467,159,1,0.8817,0.0029
468,326,1,0.8078,0.0026
469,111,1,0.8463,0.0025
470,9,1,0.8999,0.0027
471,6,1,0.9119,0.0028
472,82,1,0.9366,0.0027
473,34,1,0.8568,0.0027
474,61,1,0.9008,0.0026
475,29,1,0.8942,0.0029
476,327,1,0.9152,0.0028
477,47,1,0.8328,0.0025
478,247,1,0.8342,0.0031
479,274,1,0.8731,0.0031
480,246,1,0.8816,0.0029
481,170,1,0.8109,0.0029
482,345,1,0.9111,0.0033
483,118,1,0.9251,0.0028
484,302,1,0.8132,0.0025
485,82,1,0.8432,0.0027
486,289,1,0.7758,0.0025
487,29,1,0.8576,0.0029
488,230,1,0.8616,0.0027
489,147,1,0.9681,0.0029
490,323,1,0.8085,0.0026
491,116,1,0.8316,0.0030
492,357,1,0.8862,0.0027
493,293,1,0.8749,0.0029
494,98,1,0.8755,0.0025
495,169,1,0.7886,0.0031
496,38,1,0.8420,0.0022
497,0,1,0.5000,0.0029
498,6,1,0.8711,0.0028
499,65,1,0.8410,0.0024
500,65,1,0.9056,0.0024
501,46,1,0.8923,0.0024
502,115,1,0.7826,0.0029
503,173,1,0.8229,0.0028
504,164,1,0.9192,0.0026
505,135,1,0.9156,0.0024
506,295,1,0.8409,0.0020
507,143,1,0.8604,0.0026
508,207,1,0.8730,0.0028
509,13,1,0.9070,0.0028
510,29,1,0.8530,0.0029
511,350,1,0.8239,0.0028
512,295,1,0.8752,0.0020
513,71,1,0.9205,0.0027
514,47,1,0.8313,0.0025
515,274,1,0.9221,0.0031
516,111,1,0.9453,0.0025
517,167,1,0.7843,0.0028
518,122,1,0.8882,0.0028
519,315,1,0.8454,0.0030
520,302,1,0.8119,0.0025
521,63,1,0.8410,0.0031
522,354,1,0.7486,0.0028
523,285,1,0.8030,0.0026
524,304,1,0.8001,0.0027
525,8,1,0.8926,0.0028
526,71,1,0.9341,0.0027
527,14,1,0.8871,0.0032
528,82,1,0.8558,0.0027
529,331,1,0.8314,0.0028
530,194,1,0.9161,0.0028
531,121,1,0.8649,0.0029
532,82,1,0.8929,0.0027
533,0,1,0.5000,0.0029
534,15,1,0.8063,0.0026
535,289,1,0.8685,0.0025
536,5,1,0.7948,0.0024
537,187,1,0.9338,0.0029
538,295,1,0.8934,0.0020
539,147,1,0.9191,0.0029
540,18,1,0.8877,0.0031
541,278,1,0.9520,0.0030
542,19,1,0.8138,0.0026
543,234,1,0.8956,0.0026
544,1,1,0.8648,0.0029
545,321,1,0.8568,0.0026
546,269,1,0.9506,0.0028
547,40,1,0.9076,0.0028
548,243,1,0.5071,0.0027
549,2,1,0.8572,0.0031
550,69,1,0.8240,0.0031
551,363,1,0.8547,0.0029
552,289,1,0.7956,0.0025
553,355,1,0.8492,0.0025
554,327,1,0.8265,0.0028
555,251,1,0.8361,0.0027
556,347,1,0.8465,0.0031
557,131,1,0.8584,0.0029
558,106,1,0.8366,0.0032
559,274,1,0.8184,0.0031
560,0,1,0.5000,0.0029
561,357,1,0.9227,0.0027
562,328,1,0.8374,0.0031
563,305,1,0.8757,0.0025
564,206,1,0.8844,0.0027
565,10,1,0.7881,0.0035
566,306,1,0.9428,0.0035
567,36,1,0.7686,0.0030
568,100,1,0.8454,0.0018
569,98,1,0.8799,0.0025
570,355,1,0.8940,0.0025
571,251,1,0.8570,0.0027
572,200,1,0.8235,0.0022
573,295,1,0.9107,0.0020
574,247,1,0.8625,0.0031
575,200,1,0.9257,0.0022
576,287,1,0.8741,0.0029
577,65,1,0.8094,0.0024
578,364,1,0.8550,0.0026
579,29,1,0.9190,0.0029
580,117,1,0.8482,0.0030
581,359,1,0.8679,0.0023
582,275,1,0.8930,0.0031
583,256,1,0.8510,0.0027
584,355,1,0.8659,0.0025
585,190,1,0.8872,0.0023
586,331,1,0.8742,0.0028
587,337,1,0.8691,0.0024
588,135,1,0.8535,0.0024
589,60,1,0.9076,0.0030
590,355,1,0.8574,0.0025
591,326,1,0.9305,0.0026
592,37,1,0.8332,0.0022
593,15,1,0.8989,0.0026
594,18,1,0.8130,0.0031
595,251,1,0.8494,0.0027
596,36,1,0.9250,0.0030
597,294,1,0.8657,0.0029
598,327,1,0.8596,0.0028
599,27,1,0.8902,0.0027
600,71,1,0.8704,0.0027
601,233,1,0.8465,0.0035
602,331,1,0.8714,0.0028
603,29,1,0.8997,0.0029
604,29,1,0.8898,0.0029
605,34,1,0.9231,0.0027
606,168,1,0.8214,0.0030
607,276,1,0.8866,0.0027
608,82,1,0.9256,0.0027
609,200,1,0.8214,0.0022
610,272,1,0.8009,0.0024
611,155,1,0.8516,0.0024
612,255,1,0.7518,0.0025
613,277,1,0.8620,0.0028
614,310,1,0.8603,0.0026
615,155,1,0.8637,0.0024
616,361,1,0.9253,0.0023
617,155,1,0.9131,0.0024
618,135,1,0.8709,0.0024
619,0,1,0.5000,0.0029
620,166,1,0.8816,0.0026
621,360,1,0.8461,0.0027
622,342,1,0.9661,0.0025
623,117,1,0.9582,0.0030
624,0,1,0.5000,0.0029
625,285,1,0.8769,0.0026
626,350,1,0.9183,0.0028
627,250,1,0.8062,0.0019
628,29,1,0.9697,0.0029
629,29,1,0.9041,0.0029
630,42,1,0.8517,0.0026
631,276,1,0.8548,0.0027
632,34,1,0.9165,0.0027
633,42,1,0.9270,0.0026
634,209,1,0.8901,0.0029
635,102,1,0.9129,0.0026
636,341,1,0.7910,0.0029
637,202,1,0.8378,0.0030
638,241,1,0.8387,0.0031
639,117,1,0.7838,0.0030
640,98,1,0.7993,0.0025
641,0,1,0.8865,0.0029
642,18,1,0.9245,0.0031
643,198,1,0.8288,0.0028
644,310,1,0.8596,0.0026
645,133,1,0.8328,0.0028
646,34,1,0.8975,0.0027
647,82,1,0.8994,0.0027
648,234,1,0.8104,0.0026
649,82,1,0.9077,0.0027
650,182,1,0.8194,0.0030
651,206,1,0.8830,0.0027
652,152,1,0.9155,0.0029
653,90,1,0.8541,0.0024
654,199,1,0.8552,0.0029
655,155,1,0.8972,0.0024
656,157,1,0.8609,0.0031
657,9,1,0.8137,0.0027
658,15,1,0.8583,0.0026
659,167,1,0.8227,0.0028
660,325,1,0.8706,0.0029
661,246,1,0.8892,0.0029
662,258,1,0.8011,0.0029
663,190,1,0.8801,0.0023
664,44,1,0.8885,0.0026
665,331,1,0.8732,0.0028
666,82,1,0.8872,0.0027
667,152,1,0.7749,0.0029
668,357,1,0.9290,0.0027
669,172,1,0.8606,0.0026
670,212,1,0.8469,0.0029
671,161,1,0.8781,0.0033
672,168,1,0.8557,0.0030
673,291,1,0.8630,0.0027
674,135,1,0.8717,0.0024
675,70,1,0.7880,0.0028
676,71,1,0.8374,0.0027
677,310,1,0.9615,0.0026
678,108,1,0.8074,0.0028
679,260,1,0.8902,0.0029
680,15,1,0.9271,0.0026
681,82,1,0.8180,0.0027
682,122,1,0.8887,0.0028
683,302,1,0.8464,0.0025
684,60,1,0.8345,0.0030
685,34,1,0.8989,0.0027
686,82,1,0.9049,0.0027
687,357,1,0.9290,0.0027
688,197,1,0.8551,0.0026
689,195,1,0.9253,0.0016
690,194,1,0.9222,0.0028
691,206,1,0.8148,0.0027
692,350,1,0.8392,0.0028
693,83,1,0.9290,0.0029
694,295,1,0.8709,0.0020
695,135,1,0.9790,0.0024
696,206,1,0.8566,0.0027
697,15,1,0.8624,0.0026
698,357,1,0.8895,0.0027
699,34,1,0.8831,0.0027
700,343,1,0.8797,0.0026
701,229,1,0.8880,0.0031
702,85,1,0.8926,0.0029
703,34,1,0.8618,0.0027
704,63,1,0.8740,0.0031
705,250,1,0.8966,0.0019
706,302,1,0.8702,0.0025
707,29,1,0.8810,0.0029
708,306,1,0.9146,0.0035
709,194,1,0.8108,0.0028
710,346,1,0.8547,0.0024
711,242,1,0.8424,0.0027
712,325,1,0.8902,0.0029
713,289,1,0.9181,0.0025
714,361,1,0.8691,0.0023
715,359,1,0.8551,0.0023
716,277,1,0.8352,0.0028
717,312,1,0.8207,0.0027
718,266,1,0.7950,0.0031
719,251,1,0.8582,0.0027
720,34,1,0.9588,0.0027
721,302,1,0.8835,0.0025
722,310,1,0.8603,0.0026
723,295,1,0.8704,0.0020
724,13,1,0.8938,0.0028
725,149,1,0.8586,0.0028
726,112,1,0.8834,0.0026
727,301,1,0.8274,0.0027
728,115,1,0.8071,0.0029
729,5,1,0.7967,0.0024
730,44,1,0.8279,0.0026
731,36,1,0.9155,0.0030
732,104,1,0.8819,0.0027
733,201,1,0.8477,0.0030
734,155,1,0.8355,0.0024
735,227,1,0.8109,0.0027
736,213,1,0.5038,0.0026
737,169,1,0.8352,0.0031
738,72,1,0.8273,0.0031
739,160,1,0.8500,0.0025
740,111,1,0.9234,0.0025
741,118,1,0.8614,0.0028
742,100,1,0.9035,0.0018
743,269,1,0.8005,0.0028
744,150,1,0.8843,0.0032
745,47,1,0.8071,0.0025
746,36,1,0.9697,0.0030
747,131,1,0.8837,0.0029
748,250,1,0.8800,0.0019
749,357,1,0.8944,0.0027
750,168,1,0.9194,0.0030
751,343,1,0.8627,0.0026
752,250,1,0.9460,0.0019
753,147,1,0.8696,0.0029
754,342,1,0.9723,0.0025
755,46,1,0.8637,0.0024
756,235,1,0.8435,0.0027
757,301,1,0.9323,0.0027
758,30,1,0.8715,0.0029
759,172,1,0.8231,0.0026
760,177,1,0.7974,0.0027
761,15,1,0.9624,0.0026
762,36,1,0.8446,0.0030
763,71,1,0.8850,0.0027
764,361,1,0.9257,0.0023
765,13,1,0.8400,0.0028
766,15,1,0.8770,0.0026
767,135,1,0.7991,0.0024
768,34,1,0.9595,0.0027
769,267,1,0.8346,0.0026
770,177,1,0.8064,0.0027
771,166,1,0.8630,0.0026
772,292,1,0.7717,0.0027
773,194,1,0.9037,0.0028
774,118,1,0.8576,0.0028
775,89,1,0.8601,0.0027
776,331,1,0.8910,0.0028
777,117,1,0.8732,0.0030
778,15,1,0.9034,0.0026
779,275,1,0.7974,0.0031
780,301,1,0.8500,0.0027
781,132,1,0.8787,0.0028
782,145,1,0.9390,0.0028
783,150,1,0.8148,0.0032
784,358,1,0.8767,0.0030
785,212,1,0.8619,0.0029
786,151,1,0.8130,0.0032
787,310,1,0.8245,0.0026
788,15,1,0.9814,0.0026
789,358,1,0.8412,0.0030
790,189,1,0.8875,0.0028
791,30,1,0.8818,0.0029
792,111,1,0.9082,0.0025
793,102,1,0.8305,0.0026
794,83,1,0.8497,0.0029
795,200,1,0.8653,0.0022
796,105,1,0.8956,0.0028
797,44,1,0.9143,0.0026
798,0,1,0.9161,0.0029
799,18,1,0.9199,0.0031
800,36,1,0.8827,0.0030
801,168,1,0.8654,0.0030
802,301,1,0.8113,0.0027
803,44,1,0.8207,0.0026
804,354,1,0.8974,0.0028
805,46,1,0.8528,0.0024
806,149,1,0.9094,0.0028
807,274,1,0.8086,0.0031
808,90,1,0.9133,0.0024
809,274,1,0.8794,0.0031
810,240,1,0.8628,0.0028
811,250,1,0.8618,0.0019
812,359,1,0.8705,0.0023
813,250,1,0.8544,0.0019
814,29,1,0.8977,0.0029
815,248,1,0.8693,0.0028
816,41,1,0.8908,0.0026
817,294,1,0.8463,0.0029
818,15,1,0.8801,0.0026
819,105,1,0.8891,0.0028
820,85,1,0.8198,0.0029
821,137,1,0.8804,0.0021
822,301,1,0.8197,0.0027
823,302,1,0.8622,0.0025
824,83,1,0.9131,0.0029
825,355,1,0.8990,0.0025
826,55,1,0.8264,0.0026
827,312,1,0.8544,0.0027
828,289,1,0.9459,0.0025
829,347,1,0.5127,0.0031
830,58,1,0.8231,0.0027
831,342,1,0.9288,0.0025
832,256,1,0.8974,0.0027
833,34,1,0.8515,0.0027
834,82,1,0.9048,0.0027
835,81,1,0.8753,0.0030
836,121,1,0.8416,0.0029
837,133,1,0.8595,0.0028
838,206,1,0.8310,0.0027
839,15,1,0.8340,0.0026
840,82,1,0.9248,0.0027
841,25,1,0.8439,0.0024
842,335,1,0.8300,0.0028
843,0,1,0.5000,0.0029
844,275,1,0.8428,0.0031
845,15,1,0.8998,0.0026
846,41,1,0.8476,0.0026
847,301,1,0.9386,0.0027
848,302,1,0.8393,0.0025
849,82,1,0.8583,0.0027
850,65,1,0.8472,0.0024
851,304,1,0.9467,0.0027
852,208,1,0.8143,0.0030
853,8,1,0.7918,0.0028
854,36,1,0.9678,0.0030
855,326,1,0.8861,0.0026
856,250,1,0.9031,0.0019
857,355,1,0.9343,0.0025
858,159,1,0.7845,0.0029
859,221,1,0.8453,0.0027
860,125,1,0.8251,0.0023
861,36,1,0.8619,0.0030
862,269,1,0.8672,0.0028
863,34,1,0.8930,0.0027
864,139,1,0.8699,0.0023
865,230,1,0.8960,0.0027
866,157,1,0.8172,0.0031
867,327,1,0.8190,0.0028
868,65,1,0.9107,0.0024
869,312,1,0.8474,0.0027
870,164,1,0.9407,0.0026
871,312,1,0.8478,0.0027
872,327,1,0.9031,0.0028
873,326,1,0.8461,0.0026
874,331,1,0.7937,0.0028
875,292,1,0.8406,0.0027
876,98,1,0.8446,0.0025
877,61,1,0.8263,0.0026
878,83,1,0.8829,0.0029
879,135,1,0.8690,0.0024
880,230,1,0.7744,0.0027
881,44,1,0.9208,0.0026
882,161,1,0.8104,0.0033
883,18,1,0.8679,0.0031
884,29,1,0.8851,0.0029
885,155,1,0.8673,0.0024
886,256,1,0.8577,0.0027
887,79,1,0.7763,0.0029
888,61,1,0.8111,0.0026
889,46,1,0.8379,0.0024
890,251,1,0.9495,0.0027
891,47,1,0.8882,0.0025
892,295,1,0.9157,0.0020
893,4,1,0.8656,0.0030
894,157,1,0.8834,0.0031
895,63,1,0.8248,0.0031
896,44,1,0.8921,0.0026
897,190,1,0.8088,0.0023
898,303,1,0.8434,0.0030
899,169,1,0.8001,0.0031
900,112,1,0.8508,0.0026
901,111,1,0.9392,0.0025
902,233,1,0.8823,0.0035
903,242,1,0.8532,0.0027
904,339,1,0.8781,0.0026
905,355,1,0.8419,0.0025
906,189,1,0.8430,0.0028
907,34,1,0.9534,0.0027
908,292,1,0.9258,0.0027
909,190,1,0.8836,0.0023
910,331,1,0.9105,0.0028
911,0,1,0.8406,0.0029
912,295,1,0.9147,0.0020
913,82,1,0.9220,0.0027
914,82,1,0.8467,0.0027
915,211,1,0.8592,0.0027
916,360,1,0.9616,0.0027
917,17,1,0.8903,0.0026
918,359,1,0.8596,0.0023
919,326,1,0.9533,0.0026
920,34,1,0.8492,0.0027
921,111,1,0.8445,0.0025
922,15,1,0.8809,0.0026
923,327,1,0.8998,0.0028
924,295,1,0.9306,0.0020
925,351,1,0.9167,0.0026
926,305,1,0.8575,0.0025
927,343,1,0.7592,0.0026
928,15,1,0.9123,0.0026
929,230,1,0.9168,0.0027
930,30,1,0.9057,0.0029
931,60,1,0.8761,0.0030
932,326,1,0.9181,0.0026
933,61,1,0.8268,0.0026
934,59,1,0.8615,0.0027
935,310,1,0.8363,0.0026
936,209,1,0.8837,0.0029
937,173,1,0.8796,0.0028
938,292,1,0.8254,0.0027
939,36,1,0.8850,0.0030
940,1,1,0.8904,0.0029
941,153,1,0.8819,0.0024
942,34,1,0.8596,0.0027
943,200,1,0.8905,0.0022
944,153,1,0.9179,0.0024
945,342,1,0.8064,0.0025
946,307,1,0.8983,0.0022
947,255,1,0.8923,0.0025
948,46,1,0.8576,0.0024
949,36,1,0.8456,0.0030
950,65,1,0.8587,0.0024
951,168,1,0.9179,0.0030
952,167,1,0.8650,0.0028
953,30,1,0.8804,0.0029
954,17,1,0.8796,0.0026
955,15,1,0.7861,0.0026
956,133,1,0.8118,0.0028
957,247,1,0.8485,0.0031
958,359,1,0.9356,0.0023
959,312,1,0.8327,0.0027
960,200,1,0.8011,0.0022
961,36,1,0.9253,0.0030
962,29,1,0.9067,0.0029
963,230,1,0.8111,0.0027
964,250,1,0.8809,0.0019
965,325,1,0.9103,0.0029
966,164,1,0.8767,0.0026
967,104,1,0.8769,0.0027
968,173,1,0.8918,0.0028
969,34,1,0.9259,0.0027
970,357,1,0.8653,0.0027
971,260,1,0.8335,0.0029
972,129,1,0.8950,0.0024
973,200,1,0.7784,0.0022
974,269,1,0.8612,0.0028
975,143,1,0.9482,0.0026
976,100,1,0.8660,0.0018
977,351,1,0.8663,0.0026
978,65,1,0.8855,0.0024
979,253,1,0.9347,0.0026
980,340,1,0.8929,0.0029
981,363,1,0.8739,0.0029
982,95,1,0.8636,0.0026
983,83,1,0.8501,0.0029
984,123,1,0.8655,0.0025
985,82,1,0.9336,0.0027
986,211,1,0.8367,0.0027
987,150,1,0.8483,0.0032
988,359,1,0.8435,0.0023
989,326,1,0.8719,0.0026
990,251,1,0.8127,0.0027
991,6,1,0.8059,0.0028
992,121,1,0.8659,0.0029
993,42,1,0.8425,0.0026
994,333,1,0.9221,0.0028
995,310,1,0.8477,0.0026
996,167,1,0.8811,0.0028
997,118,1,0.8446,0.0028
998,256,1,0.8731,0.0027
999,157,1,0.7444,0.0031
1000,360,1,0.8152,0.0027
1001,255,1,0.8966,0.0025
1002,227,1,0.8104,0.0027
1003,310,1,0.8908,0.0026
1004,24,1,0.8609,0.0028
1005,255,1,0.8195,0.0025
1006,340,1,0.8932,0.0029
1007,142,1,0.9024,0.0029
1008,42,1,0.8580,0.0026
1009,285,1,0.8281,0.0026
1010,71,1,0.7772,0.0027
1011,295,1,0.8442,0.0020
1012,147,1,0.8179,0.0029
1013,108,1,0.8862,0.0028
1014,135,1,0.7857,0.0024
1015,0,1,0.5000,0.0029
1016,34,1,0.9235,0.0027
1017,62,1,0.8489,0.0028
1018,65,1,0.8690,0.0024
1019,34,1,0.9084,0.0027
1020,360,1,0.9114,0.0027
1021,44,1,0.7831,0.0026
1022,125,1,0.8282,0.0023
1023,61,1,0.8620,0.0026
1024,153,1,0.8571,0.0024
1025,339,1,0.8604,0.0026
1026,190,1,0.8731,0.0023
1027,197,1,0.7920,0.0026
1028,182,1,0.8030,0.0030
1029,168,1,0.8995,0.0030
1030,345,1,0.8780,0.0033
1031,305,1,0.9448,0.0025
1032,71,1,0.9012,0.0027
1033,116,1,0.8802,0.0030
1034,357,1,0.8308,0.0027
1035,121,1,0.7896,0.0029
1036,300,1,0.8695,0.0028
1037,44,1,0.9069,0.0026
1038,90,1,0.8546,0.0024
1039,106,1,0.8644,0.0032
1040,347,1,0.8475,0.0031
1041,117,1,0.8686,0.0030
1042,343,1,0.8937,0.0026
1043,100,1,0.8859,0.0018
1044,147,1,0.9227,0.0029
1045,349,1,0.8278,0.0030
1046,85,1,0.9134,0.0029
1047,292,1,0.9213,0.0027
1048,38,1,0.8456,0.0022
1049,147,1,0.8941,0.0029
1050,194,1,0.9128,0.0028
1051,247,1,0.8786,0.0031
1052,89,1,0.8278,0.0027
1053,147,1,0.8660,0.0029
1054,70,1,0.8282,0.0028
1055,357,1,0.9441,0.0027
1056,315,1,0.9681,0.0030
1057,355,1,0.8799,0.0025
1058,48,1,0.8773,0.0022
1059,125,1,0.9001,0.0023
1060,98,1,0.9705,0.0025
1061,169,1,0.8034,0.0031
1062,8,1,0.8634,0.0028
1063,120,1,0.7905,0.0029
1064,53,1,0.8216,0.0028
1065,111,1,0.9105,0.0025
1066,11,1,0.7794,0.0028
1067,277,1,0.9279,0.0028
1068,355,1,0.8407,0.0025
1069,34,1,0.8393,0.0027
1070,283,1,0.8657,0.0028
1071,107,1,0.8421,0.0027
1072,355,1,0.8234,0.0025
1073,355,1,0.9514,0.0025
1074,310,1,0.7982,0.0026
1075,355,1,0.9625,0.0025
1076,122,1,0.9036,0.0028
1077,242,1,0.8806,0.0027
1078,107,1,0.9153,0.0027
1079,290,1,0.7636,0.0029
1080,127,1,0.8805,0.0025
1081,251,1,0.8068,0.0027
1082,108,1,0.9487,0.0028
1083,325,1,0.8529,0.0029
1084,0,1,0.5000,0.0029
1085,229,1,0.8591,0.0031
1086,355,1,0.9458,0.0025
1087,98,1,0.9436,0.0025
1088,0,1,0.5000,0.0029
1089,8,1,0.8639,0.0028
1090,197,1,0.8192,0.0026
1091,364,1,0.8356,0.0026
1092,15,1,0.9004,0.0026
1093,362,1,0.8011,0.0026
1094,251,1,0.8389,0.0027
1095,346,1,0.8546,0.0024
1096,8,1,0.8323,0.0028
1097,229,1,0.8736,0.0031
1098,24,1,0.8528,0.0028
1099,202,1,0.9032,0.0030
1100,364,1,0.9267,0.0026
1101,34,1,0.8622,0.0027
1102,34,1,0.8659,0.0027
1103,36,1,0.8666,0.0030
1104,27,1,0.8584,0.0027
1105,82,1,0.9493,0.0027
1106,42,1,0.9621,0.0026
1107,135,1,0.9228,0.0024
1108,98,1,0.8259,0.0025
1109,34,1,0.7301,0.0027
1110,150,1,0.8072,0.0032
1111,108,1,0.9478,0.0028
1112,82,1,0.8704,0.0027
1113,42,1,0.9688,0.0026
1114,312,1,0.8880,0.0027
1115,247,1,0.8004,0.0031
1116,42,1,0.8428,0.0026
1117,169,1,0.8105,0.0031
1118,11,1,0.8307,0.0028
1119,153,1,0.8093,0.0024
1120,319,1,0.7802,0.0032
1121,42,1,0.9270,0.0026
1122,173,1,0.8225,0.0028
1123,325,1,0.8295,0.0029
1124,230,1,0.7878,0.0027
1125,345,1,0.9108,0.0033
1126,52,1,0.7988,0.0027
1127,355,1,0.8229,0.0025
1128,0,1,0.5000,0.0029
1129,354,1,0.7671,0.0028
1130,42,1,0.9708,0.0026
1131,325,1,0.8682,0.0029
1132,42,1,0.9404,0.0026
1133,241,1,0.8752,0.0031
1134,133,1,0.7300,0.0028
1135,173,1,0.9386,0.0028
1136,123,1,0.7970,0.0025
1137,1,1,0.8217,0.0029
1138,65,1,0.8588,0.0024
1139,79,1,0.8887,0.0029
1140,0,1,0.5000,0.0029
1141,296,1,0.8328,0.0027
1142,135,1,0.9276,0.0024
1143,15,1,0.8232,0.0026
1144,0,1,0.5000,0.0029
1145,241,1,0.8796,0.0031
1146,42,1,0.8444,0.0026
1147,194,1,0.8398,0.0028
1148,326,1,0.8235,0.0026
1149,0,1,0.8807,0.0029
1150,296,1,0.8460,0.0027
1151,159,1,0.7683,0.0029
1152,229,1,0.9595,0.0031
1153,161,1,0.9178,0.0033
1154,36,1,0.9285,0.0030
1155,229,1,0.8131,0.0031
1156,324,1,0.8938,0.0028
1157,354,1,0.8174,0.0028
1158,240,1,0.8004,0.0028
1159,36,1,0.8918,0.0030
1160,72,1,0.9304,0.0031
1161,104,1,0.8964,0.0027
1162,301,1,0.9230,0.0027
1163,11,1,0.7448,0.0028
1164,164,1,0.8752,0.0026
1165,47,1,0.7963,0.0025
1166,250,1,0.8392,0.0019
1167,301,1,0.9364,0.0027
1168,247,1,0.8903,0.0031
1169,29,1,0.8850,0.0029
1170,145,1,0.9377,0.0028
1171,255,1,0.9134,0.0025
1172,36,1,0.9381,0.0030
1173,274,1,0.8988,0.0031
1174,194,1,0.7752,0.0028
1175,47,1,0.8597,0.0025
1176,363,1,0.8445,0.0029
1177,145,1,0.8898,0.0028
1178,145,1,0.9007,0.0028
1179,150,1,0.9230,0.0032
1180,301,1,0.8804,0.0027
1181,324,1,0.9264,0.0028
1182,204,1,0.8664,0.0028
1183,79,1,0.8432,0.0029
1184,148,1,0.8711,0.0024
1185,157,1,0.8708,0.0031
1186,323,1,0.8194,0.0026
1187,229,1,0.9250,0.0031
1188,229,1,0.8362,0.0031
1189,251,1,0.8387,0.0027
1190,357,1,0.9292,0.0027
1191,0,1,0.5000,0.0029
1192,304,1,0.7791,0.0027
1193,357,1,0.9671,0.0027
1194,356,1,0.9112,0.0027
1195,316,1,0.5039,0.0026
1196,355,1,0.9460,0.0025
1197,173,1,0.8959,0.0028
1198,29,1,0.8467,0.0029
1199,190,1,0.8543,0.0023
1200,359,1,0.9163,0.0023
1201,200,1,0.9125,0.0022
1202,349,1,0.9365,0.0030
1203,122,1,0.8950,0.0028
1204,147,1,0.9546,0.0029
1205,17,1,0.9126,0.0026
1206,147,1,0.9232,0.0029
1207,151,1,0.8924,0.0032
1208,34,1,0.9681,0.0027
1209,18,1,0.9774,0.0031
1210,251,1,0.9411,0.0027
1211,289,1,0.9702,0.0025
1212,251,1,0.9037,0.0027
1213,360,1,0.9351,0.0027
1214,305,1,0.9700,0.0025
1215,147,1,0.9513,0.0029
1216,41,1,0.9247,0.0026
1217,159,1,0.8871,0.0029
1218,18,1,0.9347,0.0031
1219,105,1,0.8448,0.0028
1220,147,1,0.9401,0.0029
1221,0,1,0.5000,0.0029
1222,354,1,0.8797,0.0028
1223,42,1,0.9422,0.0026
1224,102,1,0.8886,0.0026
1225,34,1,0.9366,0.0027
1226,269,1,0.9423,0.0028
1227,355,1,0.9067,0.0025
1228,34,1,0.9225,0.0027
1229,34,1,0.9125,0.0027
1230,147,1,0.9441,0.0029
1231,18,1,0.9830,0.0031
1232,63,1,0.9052,0.0031
1233,36,1,0.9220,0.0030
1234,18,1,0.9554,0.0031
1235,18,1,0.9201,0.0031
1236,73,1,0.8708,0.0028
1237,202,1,0.9225,0.0030
1238,326,1,0.8827,0.0026
1239,34,1,0.9067,0.0027
1240,359,1,0.9713,0.0023
1241,61,1,0.8909,0.0026
1242,157,1,0.8742,0.0031
1243,0,1,0.5000,0.0029
1244,304,1,0.9122,0.0027
1245,289,1,0.9080,0.0025
1246,305,1,0.9449,0.0025
1247,122,1,0.9373,0.0028
1248,15,1,0.9625,0.0026
1249,25,1,0.9078,0.0024
1250,342,1,0.9447,0.0025
1251,241,1,0.9228,0.0031
1252,15,1,0.9794,0.0026
1253,71,1,0.9058,0.0027
1254,339,1,0.8350,0.0026
1255,235,1,0.9348,0.0027
1256,357,1,0.9554,0.0027
1257,310,1,0.9473,0.0026
1258,312,1,0.9337,0.0027
1259,164,1,0.9214,0.0026
1260,147,1,0.9236,0.0029
1261,301,1,0.9175,0.0027
1262,86,1,0.8969,0.0025
1263,135,1,0.9004,0.0024
1264,325,1,0.8435,0.0029
1265,44,1,0.9183,0.0026
1266,145,1,0.8165,0.0028
1267,287,1,0.9277,0.0029
1268,306,1,0.8898,0.0035
1269,342,1,0.9267,0.0025
1270,33,1,0.9003,0.0028
1271,82,1,0.9712,0.0027
1272,184,1,0.8397,0.0027
1273,15,1,0.9608,0.0026
1274,135,1,0.8676,0.0024
1275,13,1,0.8826,0.0028
1276,165,1,0.8023,0.0027
1277,303,1,0.9104,0.0030
1278,82,1,0.9286,0.0027
1279,301,1,0.9446,0.0027
1280,209,1,0.9494,0.0029
1281,277,1,0.9496,0.0028
1282,176,1,0.9247,0.0027
1283,345,1,0.8826,0.0033
1284,359,1,0.9407,0.0023
1285,355,1,0.9123,0.0025
1286,135,1,0.9644,0.0024
1287,319,1,0.8296,0.0032
1288,0,1,0.5000,0.0029
1289,357,1,0.8628,0.0027
1290,251,1,0.9064,0.0027
1291,304,1,0.9663,0.0027
1292,15,1,0.9560,0.0026
1293,342,1,0.9147,0.0025
1294,312,1,0.8922,0.0027
1295,355,1,0.8424,0.0025
1296,15,1,0.9171,0.0026
1297,289,1,0.8748,0.0025
1298,98,1,0.9214,0.0025
1299,88,1,0.8572,0.0019
1300,82,1,0.9488,0.0027
1301,190,1,0.9226,0.0023
1302,29,1,0.8384,0.0029
1303,333,1,0.8606,0.0028
1304,118,1,0.8363,0.0028
1305,82,1,0.9463,0.0027
1306,230,1,0.9084,0.0027
1307,333,1,0.9225,0.0028
1308,317,1,0.8490,0.0031
1309,29,1,0.8962,0.0029
1310,36,1,0.9771,0.0030
1311,0,1,0.5000,0.0029
1312,251,1,0.8565,0.0027
1313,348,1,0.8356,0.0026
1314,15,1,0.9032,0.0026
1315,291,1,0.9040,0.0027
1316,240,1,0.8420,0.0028
1317,354,1,0.8629,0.0028
1318,304,1,0.9445,0.0027
1319,82,1,0.9400,0.0027
1320,143,1,0.8777,0.0026
1321,79,1,0.9264,0.0029
1322,306,1,0.8370,0.0035
1323,190,1,0.9378,0.0023
1324,169,1,0.8577,0.0031
1325,333,1,0.9833,0.0028
1326,44,1,0.8449,0.0026
1327,333,1,0.8650,0.0028
1328,283,1,0.8780,0.0028
1329,15,1,0.8771,0.0026
1330,82,1,0.9542,0.0027
1331,145,1,0.8940,0.0028
1332,234,1,0.8702,0.0026
1333,289,1,0.8326,0.0025
1334,355,1,0.9035,0.0025
1335,125,1,0.9435,0.0023
1336,355,1,0.8301,0.0025
1337,190,1,0.9444,0.0023
1338,326,1,0.9194,0.0026
1339,360,1,0.5218,0.0027
1340,150,1,0.8693,0.0032
1341,111,1,0.9277,0.0025
1342,333,1,0.9269,0.0028
1343,122,1,0.8786,0.0028
1344,286,1,0.8130,0.0023
1345,17,1,0.8268,0.0026
1346,147,1,0.9094,0.0029
1347,145,1,0.8792,0.0028
1348,168,1,0.8423,0.0030
1349,306,1,0.9127,0.0035
1350,82,1,0.8684,0.0027
1351,199,1,0.8733,0.0029
1352,248,1,0.9534,0.0028
1353,34,1,0.7920,0.0027
1354,82,1,0.8796,0.0027
1355,147,1,0.9525,0.0029
1356,133,1,0.9726,0.0028
1357,0,1,0.5000,0.0029
1358,106,1,0.8442,0.0032
1359,25,1,0.9000,0.0024
1360,111,1,0.8926,0.0025
1361,63,1,0.8425,0.0031
1362,274,1,0.8534,0.0031
1363,151,1,0.8952,0.0032
1364,71,1,0.9249,0.0027
1365,133,1,0.9413,0.0028
1366,247,1,0.8432,0.0031
1367,289,1,0.8838,0.0025
1368,229,1,0.9410,0.0031
1369,88,1,0.8908,0.0019
1370,290,1,0.9295,0.0029
1371,357,1,0.8728,0.0027
1372,133,1,0.9077,0.0028
1373,357,1,0.5073,0.0027
1374,251,1,0.8520,0.0027
1375,248,1,0.8660,0.0028
1376,253,1,0.9033,0.0026
1377,169,1,0.8988,0.0031
1378,158,1,0.7934,0.0028
1379,231,1,0.8037,0.0029
1380,152,1,0.8176,0.0029
1381,342,1,0.9666,0.0025
1382,33,1,0.9042,0.0028
1383,165,1,0.8924,0.0027
1384,147,1,0.8574,0.0029
1385,150,1,0.8803,0.0032
1386,34,1,0.8435,0.0027
1387,312,1,0.8579,0.0027
1388,321,1,0.9053,0.0026
1389,150,1,0.7987,0.0032
1390,357,1,0.9276,0.0027
1391,248,1,0.9684,0.0028
1392,10,1,0.7803,0.0035
1393,37,1,0.9221,0.0022
1394,276,1,0.8970,0.0027
1395,267,1,0.8470,0.0026
1396,310,1,0.8595,0.0026
1397,145,1,0.8918,0.0028
1398,251,1,0.8796,0.0027
1399,117,1,0.9204,0.0030
1400,152,1,0.9033,0.0029
1401,152,1,0.8996,0.0029
1402,168,1,0.9266,0.0030
1403,361,1,0.9153,0.0023
1404,125,1,0.9322,0.0023
1405,70,1,0.8628,0.0028
1406,111,1,0.9254,0.0025
1407,57,1,0.8935,0.0028
1408,307,1,0.8841,0.0022
1409,86,1,0.8906,0.0025
1410,241,1,0.8524,0.0031
1411,310,1,0.9023,0.0026
1412,143,1,0.9298,0.0026
1413,302,1,0.8295,0.0025
1414,116,1,0.8447,0.0030
1415,133,1,0.8518,0.0028
1416,275,1,0.8931,0.0031
1417,361,1,0.9704,0.0023
1418,234,1,0.9308,0.0026
1419,168,1,0.8606,0.0030
1420,289,1,0.8339,0.0025
1421,135,1,0.9067,0.0024
1422,24,1,0.9080,0.0028
1423,247,1,0.9206,0.0031
1424,168,1,0.9555,0.0030
1425,44,1,0.9587,0.0026
1426,125,1,0.9057,0.0023
1427,44,1,0.9190,0.0026
1428,33,1,0.9122,0.0028
1429,125,1,0.9313,0.0023
1430,230,1,0.8680,0.0027
1431,73,1,0.9098,0.0028
1432,44,1,0.8935,0.0026
1433,147,1,0.8891,0.0029
1434,289,1,0.8824,0.0025
1435,333,1,0.8745,0.0028
1436,125,1,0.8610,0.0023
1437,29,1,0.8990,0.0029
1438,74,1,0.9291,0.0028
1439,256,1,0.8759,0.0027
1440,289,1,0.9466,0.0025
1441,157,1,0.9278,0.0031
1442,247,1,0.8578,0.0031
1443,289,1,0.9043,0.0025
1444,194,1,0.9435,0.0028
1445,342,1,0.9519,0.0025
1446,118,1,0.8716,0.0028
1447,242,1,0.9632,0.0027
1448,70,1,0.9278,0.0028
1449,74,1,0.8608,0.0028
1450,307,1,0.8950,0.0022
1451,159,1,0.9099,0.0029
1452,159,1,0.9283,0.0029
1453,25,1,0.9207,0.0024
1454,307,1,0.9286,0.0022
1455,147,1,0.9584,0.0029
1456,241,1,0.8708,0.0031
1457,64,1,0.8413,0.0031
1458,29,1,0.9169,0.0029
1459,147,1,0.9559,0.0029
1460,147,1,0.8622,0.0029
1461,47,1,0.9014,0.0025
1462,141,1,0.8696,0.0029
1463,97,1,0.8544,0.0028
1464,117,1,0.9577,0.0030
1465,118,1,0.9127,0.0028
1466,73,1,0.8591,0.0028
1467,118,1,0.9386,0.0028
1468,253,1,0.8578,0.0026
1469,316,1,0.8188,0.0026
1470,302,1,0.9114,0.0025
1471,157,1,0.8737,0.0031
1472,11,1,0.9366,0.0028
1473,278,1,0.9102,0.0030
1474,307,1,0.9263,0.0022
1475,131,1,0.8486,0.0029
1476,11,1,0.9109,0.0028
1477,357,1,0.8788,0.0027
1478,106,1,0.8907,0.0032
1479,112,1,0.9543,0.0026
1480,357,1,0.8979,0.0027
1481,125,1,0.9335,0.0023
1482,289,1,0.9350,0.0025
1483,32,1,0.8517,0.0026
1484,184,1,0.8811,0.0027
1485,268,1,0.7760,0.0027
1486,11,1,0.9545,0.0028
1487,301,1,0.9324,0.0027
1488,0,1,0.5000,0.0029
1489,98,1,0.9637,0.0025
1490,287,1,0.8619,0.0029
1491,71,1,0.9683,0.0027
1492,361,1,0.9183,0.0023
1493,26,1,0.8401,0.0031
1494,19,1,0.8471,0.0026
1495,336,1,0.8917,0.0030
1496,234,1,0.9140,0.0026
1497,71,1,0.9078,0.0027
1498,33,1,0.9339,0.0028
1499,33,1,0.9035,0.0028
1500,304,1,0.9363,0.0027
1501,36,1,0.9620,0.0030
1502,98,1,0.9804,0.0025
1503,175,1,0.9677,0.0027
1504,29,1,0.9051,0.0029
1505,361,1,0.9395,0.0023
1506,175,1,0.9300,0.0027
1507,26,1,0.9602,0.0031
1508,15,1,0.9616,0.0026
1509,19,1,0.9106,0.0026
1510,175,1,0.8990,0.0027
1511,0,1,0.9851,0.0029
1512,355,1,0.8655,0.0025
1513,15,1,0.9346,0.0026
1514,19,1,0.8324,0.0026
1515,33,1,0.8969,0.0028
1516,98,1,0.9511,0.0025
1517,0,1,0.9529,0.0029
1518,289,1,0.9348,0.0025
1519,0,1,0.9217,0.0029
1520,82,1,0.9473,0.0027
1521,325,1,0.9550,0.0029
1522,71,1,0.9382,0.0027
1523,175,1,0.9418,0.0027
1524,336,1,0.9213,0.0030
1525,263,1,0.9252,0.0027
1526,326,1,0.9321,0.0026
1527,105,1,0.9382,0.0028
1528,129,1,0.9304,0.0024
1529,44,1,0.9258,0.0026
1530,203,1,0.9419,0.0029
1531,135,1,0.8809,0.0024
1532,0,1,0.5000,0.0029
1533,361,1,0.9508,0.0023
1534,277,1,0.9064,0.0028
1535,337,1,0.8462,0.0024
1536,123,1,0.8813,0.0025
1537,357,1,0.8645,0.0027
1538,73,1,0.8412,0.0028
1539,294,1,0.8834,0.0029
1540,133,1,0.9139,0.0028
1541,5,1,0.9641,0.0024
1542,15,1,0.9650,0.0026
1543,326,1,0.8808,0.0026
1544,116,1,0.8280,0.0030
1545,357,1,0.9058,0.0027
1546,251,1,0.8747,0.0027
1547,358,1,0.8576,0.0030
1548,0,1,0.9541,0.0029
1549,247,1,0.9034,0.0031
1550,5,1,0.9197,0.0024
1551,251,1,0.9379,0.0027
1552,113,1,0.9297,0.0028
1553,349,1,0.8218,0.0030
1554,15,1,0.9490,0.0026
1555,294,1,0.8623,0.0029
1556,354,1,0.8639,0.0028
1557,165,1,0.9473,0.0027
1558,34,1,0.8624,0.0027
1559,326,1,0.8747,0.0026
1560,294,1,0.8892,0.0029
1561,355,1,0.9471,0.0025
1562,315,1,0.8673,0.0030
1563,190,1,0.8278,0.0023
1564,147,1,0.8891,0.0029
1565,68,1,0.7785,0.0027
1566,34,1,0.9304,0.0027
1567,113,1,0.9628,0.0028
1568,131,1,0.9187,0.0029
1569,312,1,0.5038,0.0027
1570,207,1,0.9348,0.0028
1571,15,1,0.9306,0.0026
1572,357,1,0.9077,0.0027
1573,306,1,0.9327,0.0035
1574,147,1,0.9426,0.0029
1575,15,1,0.9878,0.0026
1576,15,1,0.9262,0.0026
1577,198,1,0.9639,0.0028
1578,133,1,0.9322,0.0028
1579,15,1,0.9280,0.0026
1580,122,1,0.8693,0.0028
1581,251,1,0.9403,0.0027
1582,339,1,0.9179,0.0026
1583,312,1,0.8972,0.0027
1584,120,1,0.8844,0.0029
1585,315,1,0.9194,0.0030
1586,22,1,0.9153,0.0027
1587,51,1,0.9133,0.0024
1588,84,1,0.8813,0.0025
1589,34,1,0.9689,0.0027
1590,82,1,0.9695,0.0027
1591,33,1,0.9074,0.0028
1592,135,1,0.8658,0.0024
1593,350,1,0.9614,0.0028
1594,79,1,0.8289,0.0029
1595,168,1,0.8445,0.0030
1596,355,1,0.8677,0.0025
1597,247,1,0.9302,0.0031
1598,352,1,0.8869,0.0026
1599,122,1,0.9222,0.0028
1600,71,1,0.9015,0.0027
1601,29,1,0.9566,0.0029
1602,350,1,0.9501,0.0028
1603,34,1,0.9327,0.0027
1604,34,1,0.9322,0.0027
1605,157,1,0.8823,0.0031
1606,102,1,0.8079,0.0026
1607,29,1,0.9441,0.0029
1608,58,1,0.8987,0.0027
1609,29,1,0.9463,0.0029
1610,45,1,0.9082,0.0029
1611,29,1,0.9272,0.0029
1612,277,1,0.9012,0.0028
1613,29,1,0.9700,0.0029
1614,6,1,0.8577,0.0028
1615,82,1,0.9208,0.0027
1616,156,1,0.9360,0.0029
1617,350,1,0.9293,0.0028
1618,277,1,0.9093,0.0028
1619,214,1,0.9273,0.0026
1620,126,1,0.8353,0.0014
1621,29,1,0.9627,0.0029
1622,157,1,0.9107,0.0031
1623,122,1,0.8585,0.0028
1624,276,1,0.9082,0.0027
1625,326,1,0.8848,0.0026
1626,157,1,0.8991,0.0031
1627,275,1,0.8403,0.0031
1628,44,1,0.8897,0.0026
1629,214,1,0.8448,0.0026
1630,33,1,0.8306,0.0028
1631,71,1,0.8942,0.0027
1632,188,1,0.9348,0.0025
1633,289,1,0.9875,0.0025
1634,289,1,0.9124,0.0025
1635,280,1,0.9301,0.0031
1636,190,1,0.9354,0.0023
1637,247,1,0.8662,0.0031
1638,96,1,0.9544,0.0026
1639,166,1,0.9128,0.0026
1640,256,1,0.9049,0.0027
1641,98,1,0.9437,0.0025
1642,82,1,0.9788,0.0027
1643,289,1,0.9582,0.0025
1644,95,1,0.9224,0.0026
1645,156,1,0.9519,0.0029
1646,336,1,0.9757,0.0030
1647,0,1,0.5000,0.0029
1648,191,1,0.9379,0.0025
1649,81,1,0.9451,0.0030
1650,137,1,0.9500,0.0021
1651,191,1,0.9330,0.0025
1652,289,1,0.9247,0.0025
1653,129,1,0.8998,0.0024
1654,220,1,0.8834,0.0025
1655,355,1,0.9462,0.0025
1656,86,1,0.9421,0.0025
1657,361,1,0.9581,0.0023
1658,361,1,0.9332,0.0023
1659,361,1,0.9332,0.0023
1660,355,1,0.9378,0.0025
1661,29,1,0.8948,0.0029
1662,98,1,0.9270,0.0025
1663,222,1,0.9299,0.0025
1664,208,1,0.9567,0.0030
1665,208,1,0.9173,0.0030
1666,137,1,0.8896,0.0021
1667,55,1,0.8997,0.0026
1668,86,1,0.9624,0.0025
1669,347,1,0.9025,0.0031
1670,63,1,0.8926,0.0031
1671,105,1,0.9031,0.0028
1672,56,1,0.9030,0.0019
1673,355,1,0.9429,0.0025
1674,206,1,0.9646,0.0027
1675,82,1,0.9724,0.0027
1676,1,1,0.9614,0.0029
1677,105,1,0.8948,0.0028
1678,331,1,0.9248,0.0028
1679,159,1,0.9269,0.0029
1680,234,1,0.9010,0.0026
1681,303,1,0.9526,0.0030
1682,86,1,0.9660,0.0025
1683,263,1,0.9421,0.0027
1684,289,1,0.9277,0.0025
1685,38,1,0.9218,0.0022
1686,263,1,0.9235,0.0027
1687,331,1,0.8514,0.0028
1688,164,1,0.9607,0.0026
1689,157,1,0.9212,0.0031
1690,71,1,0.9375,0.0027
1691,95,1,0.5039,0.0026
1692,166,1,0.9322,0.0026
1693,166,1,0.9792,0.0026
1694,303,1,0.9851,0.0030
1695,177,1,0.8928,0.0027
1696,29,1,0.9439,0.0029
1697,100,1,0.9722,0.0018
1698,57,1,0.9793,0.0028
1699,45,1,0.9225,0.0029
1700,57,1,0.9534,0.0028
1701,189,1,0.9139,0.0028
1702,263,1,0.9516,0.0027
1703,157,1,0.9350,0.0031
1704,174,1,0.8907,0.0026
1705,0,1,0.5000,0.0029
1706,51,1,0.9554,0.0024
1707,339,1,0.8783,0.0026
1708,198,1,0.9285,0.0028
1709,263,1,0.8986,0.0027
1710,182,1,0.8973,0.0030
1711,291,1,0.9550,0.0027
1712,45,1,0.9125,0.0029
1713,234,1,0.9168,0.0026
1714,15,1,0.9389,0.0026
1715,166,1,0.9373,0.0026
1716,15,1,0.8957,0.0026
1717,86,1,0.9560,0.0025
1718,166,1,0.9596,0.0026
1719,86,1,0.8774,0.0025
1720,257,1,0.9173,0.0028
1721,45,1,0.9091,0.0029
1722,225,1,0.9010,0.0031
1723,71,1,0.8818,0.0027
1724,166,1,0.8803,0.0026
1725,100,1,0.9442,0.0018
1726,263,1,0.9662,0.0027
1727,328,1,0.8724,0.0031
1728,90,1,0.9454,0.0024
1729,40,1,0.8583,0.0028
1730,169,1,0.9215,0.0031
1731,98,1,0.9598,0.0025
1732,203,1,0.9029,0.0029
1733,225,1,0.9281,0.0031
1734,149,1,0.9574,0.0028
1735,289,1,0.9472,0.0025
1736,360,1,0.9818,0.0027
1737,83,1,0.9296,0.0029
1738,108,1,0.9177,0.0028
1739,29,1,0.9547,0.0029
1740,312,1,0.9415,0.0027
1741,147,1,0.9066,0.0029
1742,159,1,0.9213,0.0029
1743,0,1,0.9396,0.0029
1744,82,1,0.9657,0.0027
1745,59,1,0.8856,0.0027
1746,211,1,0.9312,0.0027
1747,265,1,0.9347,0.0027
1748,360,1,0.9321,0.0027
1749,83,1,0.9654,0.0029
1750,211,1,0.9464,0.0027
1751,360,1,0.9674,0.0027
1752,195,1,0.9289,0.0016
1753,131,1,0.9594,0.0029
1754,82,1,0.9745,0.0027
1755,53,1,0.9116,0.0028
1756,79,1,0.8946,0.0029
1757,83,1,0.9919,0.0029
1758,169,1,0.9626,0.0031
1759,82,1,0.9744,0.0027
1760,360,1,0.9766,0.0027
1761,17,1,0.9450,0.0026
1762,83,1,0.9381,0.0029
1763,248,1,0.9657,0.0028
1764,170,1,0.8984,0.0029
1765,347,1,0.8924,0.0031
1766,340,1,0.9438,0.0029
1767,70,1,0.9903,0.0028
1768,301,1,0.9341,0.0027
1769,29,1,0.9783,0.0029
1770,195,1,0.9369,0.0016
1771,118,1,0.9085,0.0028
1772,301,1,0.9724,0.0027
1773,64,1,0.9037,0.0031
1774,195,1,0.9840,0.0016
1775,83,1,0.9891,0.0029
1776,317,1,0.8796,0.0031
1777,289,1,0.8934,0.0025
1778,64,1,0.8904,0.0031
1779,11,1,0.8897,0.0028
1780,65,1,0.9024,0.0024
1781,215,1,0.9209,0.0028
1782,65,1,0.9842,0.0024
1783,208,1,0.8254,0.0030
1784,44,1,0.9627,0.0026
1785,9,1,0.9786,0.0027
1786,194,1,0.8970,0.0028
1787,137,1,0.9331,0.0021
1788,51,1,0.9112,0.0024
1789,336,1,0.9636,0.0030
1790,289,1,0.9178,0.0025
1791,317,1,0.9582,0.0031
1792,51,1,0.9297,0.0024
1793,174,1,0.8875,0.0026
1794,64,1,0.9491,0.0031
1795,317,1,0.9271,0.0031
1796,85,1,0.9267,0.0029
1797,63,1,0.9052,0.0031
1798,289,1,0.9304,0.0025
1799,64,1,0.9821,0.0031
1800,328,1,0.9027,0.0031
1801,195,1,0.9130,0.0016
1802,64,1,0.9354,0.0031
1803,240,1,0.9247,0.0028
1804,90,1,0.8964,0.0024
1805,42,1,0.9099,0.0026
1806,64,1,0.9846,0.0031
1807,82,1,0.8605,0.0027
1808,158,1,0.9469,0.0028
1809,65,1,0.9749,0.0024
1810,317,1,0.9271,0.0031
1811,64,1,0.8785,0.0031
1812,317,1,0.9790,0.0031
1813,0,1,0.5000,0.0029
1814,9,1,0.9025,0.0027
1815,214,1,0.9186,0.0026
1816,168,1,0.8739,0.0030
1817,8,1,0.8118,0.0028
1818,44,1,0.9125,0.0026
1819,240,1,0.9147,0.0028
1820,64,1,0.8919,0.0031
1821,219,1,0.8118,0.0032
1822,64,1,0.9257,0.0031
1823,293,1,0.9552,0.0029
1824,295,1,0.9027,0.0020
1825,326,1,0.8573,0.0026
1826,17,1,0.9492,0.0026
1827,133,1,0.8880,0.0028
1828,275,1,0.9567,0.0031
1829,44,1,0.9718,0.0026
1830,277,1,0.9745,0.0028
1831,278,1,0.9044,0.0030
1832,48,1,0.9483,0.0022
1833,305,1,0.9252,0.0025
1834,277,1,0.9462,0.0028
1835,149,1,0.9447,0.0028
1836,44,1,0.9475,0.0026
1837,44,1,0.9232,0.0026
1838,68,1,0.9807,0.0027
1839,310,1,0.9729,0.0026
1840,152,1,0.8820,0.0029
1841,44,1,0.9501,0.0026
1842,17,1,0.9135,0.0026
1843,35,1,0.9098,0.0027
1844,310,1,0.9818,0.0026
1845,152,1,0.9020,0.0029
1846,275,1,0.9678,0.0031
1847,30,1,0.9304,0.0029
1848,320,1,0.8637,0.0035
1849,116,1,0.9507,0.0030
1850,291,1,0.9229,0.0027
1851,37,1,0.9509,0.0022
1852,83,1,0.9126,0.0029
1853,239,1,0.9868,0.0029
1854,275,1,0.9250,0.0031
1855,44,1,0.8705,0.0026
1856,117,1,0.9334,0.0030
1857,149,1,0.9825,0.0028
1858,314,1,0.9468,0.0027
1859,34,1,0.9474,0.0027
1860,195,1,0.9485,0.0016
1861,15,1,0.9222,0.0026
1862,354,1,0.9646,0.0028
1863,324,1,0.9589,0.0028
1864,361,1,0.9367,0.0023
1865,304,1,0.9344,0.0027
1866,354,1,0.9039,0.0028
1867,291,1,0.9548,0.0027
1868,310,1,0.9697,0.0026
1869,58,1,0.9294,0.0027
1870,171,1,0.9459,0.0030
1871,214,1,0.9864,0.0026
1872,182,1,0.9516,0.0030
1873,188,1,0.9620,0.0025
1874,106,1,0.8852,0.0032
1875,15,1,0.9214,0.0026
1876,17,1,0.8750,0.0026
1877,35,1,0.8226,0.0027
1878,42,1,0.9252,0.0026
1879,343,1,0.9333,0.0026
1880,25,1,0.9554,0.0024
1881,225,1,0.9614,0.0031
1882,182,1,0.9359,0.0030
1883,347,1,0.9158,0.0031
1884,240,1,0.9763,0.0028
1885,164,1,0.9532,0.0026
1886,289,1,0.9459,0.0025
1887,136,1,0.9380,0.0025
1888,66,1,0.9449,0.0031
1889,188,1,0.9792,0.0025
1890,147,1,0.9156,0.0029
1891,200,1,0.9148,0.0022
1892,17,1,0.9342,0.0026
1893,169,1,0.9304,0.0031
1894,65,1,0.9833,0.0024
1895,65,1,0.9878,0.0024
1896,51,1,0.9477,0.0024
1897,64,1,0.9227,0.0031
1898,71,1,0.9571,0.0027
1899,302,1,0.9329,0.0025
1900,289,1,0.9482,0.0025
1901,65,1,0.9533,0.0024
1902,359,1,0.9158,0.0023
1903,64,1,0.9515,0.0031
1904,25,1,0.9592,0.0024
1905,136,1,0.9423,0.0025
1906,15,1,0.9577,0.0026
1907,294,1,0.9667,0.0029
1908,363,1,0.8905,0.0029
1909,79,1,0.9321,0.0029
1910,111,1,0.9158,0.0025
1911,65,1,0.9640,0.0024
1912,38,1,0.9337,0.0022
1913,343,1,0.8920,0.0026
1914,169,1,0.9227,0.0031
1915,113,1,0.9027,0.0028
1916,208,1,0.9309,0.0030
1917,26,1,0.9293,0.0031
1918,363,1,0.9539,0.0029
1919,331,1,0.9275,0.0028
1920,51,1,0.9242,0.0024
1921,136,1,0.9188,0.0025
1922,360,1,0.8506,0.0027
1923,326,1,0.9504,0.0026
1924,248,1,0.9890,0.0028
1925,35,1,0.8856,0.0027
1926,248,1,0.9631,0.0028
1927,100,1,0.9273,0.0018
1928,100,1,0.9452,0.0018
1929,122,1,0.9718,0.0028
1930,326,1,0.9481,0.0026
1931,51,1,0.9666,0.0024
1932,200,1,0.9239,0.0022
1933,255,1,0.9243,0.0025
1934,240,1,0.8612,0.0028
1935,246,1,0.8897,0.0029
1936,285,1,0.9273,0.0026
1937,326,1,0.9192,0.0026
1938,241,1,0.9086,0.0031
1939,333,1,0.9483,0.0028
1940,246,1,0.8741,0.0029
1941,264,1,0.9261,0.0030
1942,347,1,0.9164,0.0031
1943,0,1,0.9542,0.0029
1944,82,1,0.9695,0.0027
1945,71,1,0.8774,0.0027
1946,53,1,0.9072,0.0028
1947,176,1,0.9421,0.0027
1948,336,1,0.9687,0.0030
1949,50,1,0.9124,0.0030
1950,157,1,0.8957,0.0031
1951,251,1,0.9351,0.0027
1952,168,1,0.9220,0.0030
1953,248,1,0.9404,0.0028
1954,285,1,0.9740,0.0026
1955,327,1,0.9120,0.0028
1956,176,1,0.9163,0.0027
1957,278,1,0.8746,0.0030
1958,70,1,0.9714,0.0028
1959,249,1,0.9058,0.0026
1960,179,1,0.9238,0.0025
1961,239,1,0.8572,0.0029
1962,76,1,0.9584,0.0028
1963,246,1,0.9447,0.0029
1964,241,1,0.9348,0.0031
1965,211,1,0.9220,0.0027
1966,274,1,0.9047,0.0031
1967,155,1,0.9112,0.0024
1968,280,1,0.8940,0.0031
1969,350,1,0.8885,0.0028
1970,241,1,0.9155,0.0031
1971,96,1,0.9021,0.0026
1972,351,1,0.9392,0.0026
1973,9,1,0.9107,0.0027
1974,168,1,0.9268,0.0030
1975,105,1,0.9711,0.0028
1976,45,1,0.9222,0.0029
1977,159,1,0.8631,0.0029
1978,211,1,0.8946,0.0027
1979,9,1,0.9561,0.0027
1980,10,1,0.9458,0.0035
1981,68,1,0.9556,0.0027
1982,0,1,0.5000,0.0029
1983,275,1,0.9344,0.0031
1984,18,1,0.8732,0.0031
1985,72,1,0.9262,0.0031
1986,137,1,0.9394,0.0021
1987,170,1,0.9078,0.0029
1988,98,1,0.9441,0.0025
1989,111,1,0.9070,0.0025
1990,106,1,0.9021,0.0032
1991,10,1,0.8815,0.0035
1992,100,1,0.9248,0.0018
1993,248,1,0.9223,0.0028
1994,351,1,0.8960,0.0026
1995,360,1,0.9131,0.0027
1996,144,1,0.9258,0.0028
1997,144,1,0.8954,0.0028
1998,82,1,0.9541,0.0027
1999,268,1,0.9791,0.0027
2000,159,1,0.9390,0.0029
2001,263,1,0.9403,0.0027
2002,72,1,0.9187,0.0031
2003,158,1,0.9352,0.0028
2004,0,1,0.5000,0.0029
2005,246,1,0.9122,0.0029
2006,263,1,0.9623,0.0027
2007,360,1,0.9085,0.0027
2008,361,1,0.9524,0.0023
2009,329,1,0.9017,0.0026
2010,72,1,0.9461,0.0031
2011,82,1,0.9569,0.0027
2012,46,1,0.9020,0.0024
2013,360,1,0.9224,0.0027
2014,169,1,0.9418,0.0031
2015,263,1,0.9204,0.0027
2016,167,1,0.9356,0.0028
2017,168,1,0.9627,0.0030
2018,92,1,0.9605,0.0025
2019,214,1,0.9010,0.0026
2020,240,1,0.9240,0.0028
2021,277,1,0.9127,0.0028
2022,247,1,0.9372,0.0031
2023,168,1,0.9077,0.0030
2024,161,1,0.9401,0.0033
2025,265,1,0.8872,0.0027
2026,86,1,0.9395,0.0025
2027,0,1,0.5000,0.0029
2028,351,1,0.9043,0.0026
2029,152,1,0.9109,0.0029
2030,268,1,0.9469,0.0027
2031,154,1,0.9472,0.0027
2032,202,1,0.8598,0.0030
2033,203,1,0.8726,0.0029
2034,346,1,0.9530,0.0024
2035,24,1,0.9169,0.0028
2036,202,1,0.9393,0.0030
2037,121,1,0.9314,0.0029
2038,38,1,0.8988,0.0022
2039,168,1,0.9385,0.0030
2040,346,1,0.9099,0.0024
2041,292,1,0.9345,0.0027
2042,168,1,0.9543,0.0030
2043,208,1,0.9520,0.0030
2044,73,1,0.8867,0.0028
2045,36,1,0.8947,0.0030
2046,102,1,0.9123,0.0026
2047,201,1,0.9533,0.0030
2048,88,1,0.9518,0.0019
2049,167,1,0.9443,0.0028
2050,86,1,0.8930,0.0025
2051,154,1,0.9866,0.0027
2052,210,1,0.9646,0.0026
2053,352,1,0.9486,0.0026
2054,44,1,0.9660,0.0026
2055,154,1,0.9567,0.0027
2056,106,1,0.9067,0.0032
2057,82,1,0.8885,0.0027
2058,168,1,0.9387,0.0030
2059,325,1,0.9017,0.0029
2060,235,1,0.8744,0.0027
2061,139,1,0.8947,0.0023
2062,208,1,0.9358,0.0030
2063,360,1,0.9566,0.0027
2064,247,1,0.9096,0.0031
2065,248,1,0.9427,0.0028
2066,1,1,0.9596,0.0029
2067,0,1,0.5000,0.0029
2068,1,1,0.8867,0.0029
2069,40,1,0.8826,0.0028
2070,316,1,0.9538,0.0026
2071,36,1,0.8557,0.0030
2072,51,1,0.9022,0.0024
2073,331,1,0.9633,0.0028
2074,98,1,0.9690,0.0025
2075,197,1,0.9503,0.0026
2076,15,1,0.9055,0.0026
2077,4,1,0.9616,0.0030
2078,44,1,0.8616,0.0026
2079,200,1,0.9177,0.0022
2080,71,1,0.8723,0.0027
2081,36,1,0.9525,0.0030
2082,235,1,0.9673,0.0027
2083,197,1,0.8885,0.0026
2084,124,1,0.9289,0.0026
2085,112,1,0.9465,0.0026
2086,207,1,0.9435,0.0028
2087,47,1,0.9294,0.0025
2088,98,1,0.9461,0.0025
2089,234,1,0.9234,0.0026
2090,47,1,0.9349,0.0025
2091,149,1,0.9255,0.0028
2092,6,1,0.8971,0.0028
2093,197,1,0.8575,0.0026
2094,79,1,0.8966,0.0029
2095,36,1,0.9574,0.0030
2096,153,1,0.9096,0.0024
2097,301,1,0.9264,0.0027
2098,90,1,0.9324,0.0024
2099,197,1,0.9341,0.0026
2100,16,1,0.9614,0.0029
2101,1,1,0.9305,0.0029
2102,277,1,0.9402,0.0028
2103,51,1,0.9520,0.0024
2104,149,1,0.9550,0.0028
2105,4,1,0.9495,0.0030
2106,90,1,0.9527,0.0024
2107,329,1,0.9259,0.0026
2108,40,1,0.9177,0.0028
2109,112,1,0.9343,0.0026
2110,196,1,0.9376,0.0023
2111,108,1,0.9476,0.0028
2112,300,1,0.9421,0.0028
2113,217,1,0.9022,0.0026
2114,172,1,0.8913,0.0026
2115,352,1,0.8694,0.0026
2116,241,1,0.8641,0.0031
2117,219,1,0.9559,0.0032
2118,219,1,0.8940,0.0032
2119,332,1,0.9169,0.0027
2120,0,1,0.5000,0.0029
2121,300,1,0.9918,0.0028
2122,0,1,0.5000,0.0029
2123,60,1,0.9415,0.0030
2124,300,1,0.9066,0.0028
2125,251,1,0.8707,0.0027
2126,347,1,0.9289,0.0031
2127,361,1,0.9386,0.0023
2128,349,1,0.9617,0.0030
2129,326,1,0.9348,0.0026
2130,318,1,0.9384,0.0026
2131,79,1,0.9242,0.0029
2132,2,1,0.9167,0.0031
2133,158,1,0.9847,0.0028
2134,83,1,0.9089,0.0029
2135,250,1,0.9343,0.0019
2136,218,1,0.8815,0.0027
2137,199,1,0.9522,0.0029
2138,295,1,0.9307,0.0020
2139,90,1,0.9483,0.0024
2140,135,1,0.9870,0.0024
2141,36,1,0.9299,0.0030
2142,60,1,0.9578,0.0030
2143,90,1,0.9251,0.0024
2144,0,1,0.5000,0.0029
2145,0,1,0.5000,0.0029
2146,349,1,0.8966,0.0030
2147,272,1,0.9180,0.0024
2148,135,1,0.9343,0.0024
2149,219,1,0.9454,0.0032
2150,259,1,0.8953,0.0027
2151,158,1,0.9573,0.0028
2152,251,1,0.8802,0.0027
2153,122,1,0.9564,0.0028
2154,342,1,0.9341,0.0025
2155,159,1,0.9443,0.0029
2156,246,1,0.9250,0.0029
2157,10,1,0.7931,0.0035
2158,60,1,0.9771,0.0030
2159,349,1,0.9206,0.0030
2160,137,1,0.9753,0.0021
2161,295,1,0.9226,0.0020
2162,2,1,0.8855,0.0031
2163,68,1,0.9860,0.0027
2164,136,1,0.9464,0.0025
2165,230,1,0.9229,0.0027
2166,208,1,0.9661,0.0030
2167,331,1,0.9273,0.0028
2168,278,1,0.9805,0.0030
2169,276,1,0.9741,0.0027
2170,9,1,0.9296,0.0027
2171,194,1,0.9108,0.0028
2172,64,1,0.9836,0.0031
2173,208,1,0.9530,0.0030
2174,293,1,0.9767,0.0029
2175,6,1,0.9610,0.0028
2176,197,1,0.8834,0.0026
2177,208,1,0.9717,0.0030
2178,337,1,0.9820,0.0024
2179,0,1,0.5000,0.0029
2180,203,1,0.9634,0.0029
2181,199,1,0.9249,0.0029
2182,143,1,0.9680,0.0026
2183,208,1,0.9905,0.0030
2184,44,1,0.9756,0.0026
2185,68,1,0.9663,0.0027
2186,147,1,0.9489,0.0029
2187,64,1,0.9915,0.0031
2188,182,1,0.9273,0.0030
2189,247,1,0.9081,0.0031
2190,155,1,0.9239,0.0024
2191,18,1,0.9512,0.0031
2192,359,1,0.9413,0.0023
2193,6,1,0.9517,0.0028
2194,168,1,0.9743,0.0030
2195,143,1,0.9545,0.0026
2196,72,1,0.9512,0.0031
2197,285,1,0.9719,0.0026
2198,208,1,0.9614,0.0030
2199,208,1,0.9442,0.0030
2200,203,1,0.9357,0.0029
2201,208,1,0.9689,0.0030
2202,207,1,0.9672,0.0028
2203,340,1,0.9375,0.0029
2204,111,1,0.8971,0.0025
2205,1,1,0.9182,0.0029
2206,331,1,0.9201,0.0028
2207,276,1,0.9399,0.0027
